project_id,commit_sha,author_name,committer_name,commit_date
116011653,313886e99befb94be6cd45f085c98e0019f59829,Deep-Yellow,GitHub,2022-11-01T08:21:39Z
116011653,9bdd9a28f0033e91dec4595d257da81cc7016e47,zhang.chenxi,GitHub,2022-08-10T02:12:22Z
116011653,4a9599f4a5b38ce56ae7b7f29a7da9beec87ed11,meixiezichuan,GitHub,2022-08-10T01:32:00Z
116011653,fa8d9efb35b2ed5ec1d18f60510167767c8fb2bf,meixiezichuan,GitHub,2022-08-09T08:20:49Z
116011653,350f62000e6658e0e543730580c599d8558253e7,xiya.wu,GitHub,2021-09-02T09:59:09Z
116011653,2ab320773f0142bcece18af41b48e505528ea1b5,Humbert Zhang,GitHub,2021-09-02T09:55:34Z
116011653,d814564a307926795e58d4898bcd08b1af56b514,qsliu2017,GitHub,2021-08-12T09:51:53Z
116011653,8bf36c53096d552126ea4a65506dd9b76fc65905,qsliu2017,GitHub,2021-08-10T10:27:02Z
116011653,437149650bd2e4b304bf4affb3ee23678b2d0b56,qsliu2017,GitHub,2021-08-10T09:05:23Z
116011653,61716b605d604bb7e3936d75655c7eac8f9d7552,qsliu2017,GitHub,2021-08-10T06:52:15Z
116011653,e5ae0c3a4fa951980f9fe5640d6e077ab1852af9,qsliu2017,GitHub,2021-08-05T11:45:22Z
116011653,813dd01eec30386f673d7340a1b7eb605fcb5def,Kagaya,GitHub,2021-05-21T01:42:25Z
116011653,bc1567db6ac2738cb6baea12bfc74ad307c7a5af,Jessica Berg,Jessica Berg,2021-05-19T17:40:14Z
116011653,56b95d722806f608a212ab5dfc5005f2130d814d,Kagaya,GitHub,2021-05-05T15:48:04Z
116011653,4704604650abadbc307a1f29dbae3b8680b10367,Kagaya,Kagaya,2021-05-05T07:57:04Z
116011653,92e62f9fb6e8f4452d188198ec724cca41cdef68,Kagaya,Kagaya,2021-04-21T06:46:24Z
116011653,54ace0bc81a1575ca49ade0a4bffec4dadfca26e,Kagaya,GitHub,2021-04-20T15:55:31Z
116011653,b9030d158200ba28f6213323bae2d3a50f1ed53c,Kagaya,Kagaya,2021-04-20T15:53:13Z
116011653,d7e18261b023002ffbdcaa011ebae6ddadef72c6,Kagaya,GitHub,2021-04-20T13:23:06Z
116011653,60af219e0ed14112f68fa022c9b1ee8ff05f1bcd,Kagaya,Kagaya,2021-04-20T13:11:27Z
116011653,fcdb27fd7fe29863ff3732db24a1e13991fba740,Bowen Li,GitHub,2021-04-12T08:09:22Z
116011653,f546c4c23f849c8f3f0cc1bd0de898a337969f2d,Bowen Li,GitHub,2021-04-12T07:59:34Z
116011653,4785de2183d6e28204b2485b7c5f1e0bf4232882,Kagaya,GitHub,2021-04-09T12:42:18Z
116011653,5f79ac16b4483fe994ee1bc0b591c93b10a36aa1,Kagaya,GitHub,2021-03-14T08:44:36Z
116011653,4f29a4131908dccda44443d15c7785062289bb96,Kagaya,Kagaya,2021-03-14T07:13:55Z
116011653,921a44015950512eada6cc6e49a7c972e630f5c2,Kagaya,Kagaya,2021-03-14T07:12:09Z
116011653,bc5211d87749f1c7aa542763a32ca627a8495988,Kagaya,Kagaya,2021-03-14T06:48:58Z
116011653,57adae741b6a6213ef0033b7add50ded5bf7be88,Humbert Zhang,GitHub,2021-03-10T15:10:19Z
116011653,5b9edca54250e1e5e82ebe38e9245efd97e8d474,Kagaya,Kagaya,2021-03-10T12:28:28Z
116011653,6da7af034d9c56a118cc7d7a54e905539e7daeeb,zhang.chenxi,GitHub,2021-02-10T02:12:31Z
116011653,6bef294d4c419812ee1e9637bf0b4629ed3aa52f,zhongyuanzhao000,GitHub,2020-12-10T09:00:07Z
116011653,321380e517414b25db68f96304a319a1f40bd48a,Kagaya,Kagaya,2020-12-08T12:29:13Z
116011653,9bdaef9b80e94ba04461284727ad73a2a2ce403d,Kagaya,Kagaya,2020-12-08T12:20:52Z
116011653,1c6611c77593ca35364b30a5b7ef5c21e3e2d998,zhongyuanzhao000,zhongyuanzhao000,2020-08-15T03:45:47Z
116011653,3b3eb263d0a46de4d7b9f620da35ae5d03ea4426,hechuan73,hechuan73,2020-07-29T06:23:01Z
116011653,7009be659b67bf87c3247964bdbc68c1185a541d,zhongyuanzhao000,zhongyuanzhao000,2020-07-19T17:36:52Z
116011653,c39e0e58b2a017ce7d1c33680751daf4ef7946ef,zhongyuanzhao000,zhongyuanzhao000,2020-07-19T11:27:06Z
116011653,f7d8109859ff0beb7527665fe52ce74529cd647b,zhongyuanzhao000,GitHub,2020-07-19T08:53:04Z
116011653,cab7d8195025c571f86278f9f56f3838943dbaa2,zhongyuanzhao000,zhongyuanzhao000,2020-07-19T03:09:01Z
116011653,79c375041a07fef4acf25acbd83e667a97ae6580,zhongyuanzhao000,zhongyuanzhao000,2020-07-18T05:25:44Z
116011653,a4ed2433b0b6ab6e0d60115fc19efecb2548c6cd,zhongyuanzhao000,zhongyuanzhao000,2020-06-08T10:53:25Z
116011653,97fe13cc7423654a60250b200c8cea4296c4e073,zhongyuanzhao000,zhongyuanzhao000,2020-05-19T03:56:12Z
116011653,1e671c7f3d4b72e0fe73bce4b85f90587066bc03,zhongyuanzhao000,zhongyuanzhao000,2020-05-17T16:40:37Z
116011653,9c783e49f32250bb11363ee97aff1a902dd6c400,zhongyuanzhao000,GitHub,2020-05-16T13:09:18Z
116011653,2ee550ddc406013785672897493fea96fb1a0046,João Soares,João Soares,2020-05-16T10:57:12Z
116011653,1b8d4577aa746bd27f09136bc2edaedde2e6a0b6,zhongyuanzhao000,GitHub,2020-05-13T14:54:54Z
116011653,021d3e8a41484ebfc8ea897ff5115b34eb13df0f,zhongyuanzhao000,GitHub,2020-05-13T14:21:35Z
116011653,663d4f59b0637d9646278e853f92b9c713377256,zhongyuanzhao000,zhongyuanzhao000,2020-05-03T13:23:41Z
116011653,52a62b5d1dbf8c6f5b42d7c059b57fa6ccd7c63f,zhongyuanzhao000,zhongyuanzhao000,2020-05-03T11:58:52Z
116011653,62c627084eae2808488679fe036953cf05aea8bb,zhongyuanzhao000,zhongyuanzhao000,2020-05-03T11:53:44Z
116011653,ade814cf0b60d1ccd6c4bbf2b4c8e362b001aef0,zhongyuanzhao000,zhongyuanzhao000,2020-04-29T03:04:27Z
116011653,1c228c76996af8e9889b353ad6a66e1ec9d9c38a,zhongyuanzhao000,GitHub,2020-04-23T09:16:48Z
116011653,476ae68ebf5df19f08deafe754bca11e5735d12a,zhongyuanzhao000,zhongyuanzhao000,2020-04-23T09:10:48Z
116011653,122fb40bde648737a799705a8286f3d2755386fc,zhongyuanzhao000,zhongyuanzhao000,2020-04-22T13:24:39Z
116011653,985eca56f533de9663722edff46b3dae97793c7d,zhongyuanzhao000,zhongyuanzhao000,2020-04-19T09:24:57Z
116011653,15ae5c4102caccc6e6f84bce647cce1dcf4ad77a,zhongyuanzhao000,zhongyuanzhao000,2020-04-19T09:09:19Z
116011653,4cd7a244e26ef772678669b5d597e131de7d7153,zhongyuanzhao000,zhongyuanzhao000,2020-04-16T13:25:10Z
116011653,32686bebed05985bb5d63931f7a42c3a2048023b,zhongyuanzhao000,zhongyuanzhao000,2020-04-16T13:15:08Z
116011653,2fe2dd072c0b9625634732e8aed5b8cbb972cbf3,zhongyuanzhao000,zhongyuanzhao000,2020-04-16T12:16:48Z
116011653,545bd18c9d271680771b0e2eb3fb478690c653c6,zhongyuanzhao000,zhongyuanzhao000,2020-04-08T15:39:27Z
116011653,0703065fc9c09b0853ae1c72fcfc9999f11a3252,zhongyuanzhao000,zhongyuanzhao000,2020-04-05T15:23:44Z
116011653,a94e6c32a67c9514affb136f83e2e8108865c5f6,zhongyuanzhao000,GitHub,2020-04-04T12:07:03Z
116011653,97a90f003d7911c6cc09fb3534faf762c9950d57,zhongyuanzhao000,zhongyuanzhao000,2020-04-04T11:40:20Z
116011653,15ae1fb5073e9a259b28f653730eefd2da747c2c,zhongyuanzhao000,GitHub,2020-03-31T17:09:53Z
116011653,a9b5b4fb198ad5a78d582dde163fff3ccbf45745,zhongyuanzhao000,GitHub,2020-03-31T17:07:52Z
116011653,db6d0dbdd822fffb847667d6ccfe32b48b34dd03,zhongyuanzhao000,GitHub,2020-03-16T04:41:02Z
116011653,6393011ad35541453770c9e2c4c3408cb641ef55,zhongyuanzhao000,GitHub,2020-02-26T12:47:54Z
116011653,039f87c0108db0829f4ccee8ac671dd7c90ffb5e,zack,zack,2020-02-26T10:32:57Z
116011653,570a522ec9d0c6273c8fc97e8e38262b56745b36,zack,zack,2020-02-26T10:32:31Z
116011653,9b5582c0ef05c153054c3195de7838d960fe2226,zhongyuanzhao000,zhongyuanzhao000,2019-12-22T07:31:15Z
116011653,b16d36dfeba3957a687b3a2b95a3487feac1ef02,zhongyuanzhao000,zhongyuanzhao000,2019-12-22T05:14:12Z
116011653,1ffc4df996aec139d9f31c32b3dab335256a4338,zhongyuanzhao000,zhongyuanzhao000,2019-12-22T04:47:38Z
116011653,1e3123c59968206ec30de42b9cecc60280157120,zhongyuanzhao000,GitHub,2019-12-19T06:10:20Z
116011653,5c7b7df0d642b70e069244c1c544be2012a29be3,zhongyuanzhao000,GitHub,2019-12-18T11:01:59Z
116011653,b8fc9917396c28624154c8dc962041021f1dd485,Humbertzhang,GitHub,2019-12-18T07:38:33Z
116011653,5122684aff988277b8c50c26576b28bfffef3289,LeBW,LeBW,2019-12-16T07:50:02Z
116011653,c01a86cc15625baf2542ddf4e09ed2ddb24f6e1e,LeBW,LeBW,2019-12-16T07:03:00Z
116011653,a68b506ed91d1ba97c37b2c4548f3282efe50024,LeBW,LeBW,2019-12-16T12:00:26Z
116011653,773747739a381c0718dbef44d83d6683ab1870fa,zhongyuanzhao000,GitHub,2019-12-13T10:30:58Z
116011653,142d68547cb6bfb462a9a4f2f23dd1bc2414aeb3,zhongyuanzhao000,zhongyuanzhao000,2019-12-13T10:28:17Z
116011653,5b244e487cb6d35bbfc2d09df4472496414796aa,zhongyuanzhao000,zhongyuanzhao000,2019-12-13T10:27:43Z
116011653,b5149f17fae076788fa9aa32141f0d260e9ad74c,LeBW,LeBW,2019-12-13T01:49:32Z
116011653,98a7cfad9be733565f9fa75cd4995a21d651f1c0,LeBW,LeBW,2019-12-13T01:35:14Z
116011653,4b67599de4ea42fcd188592cb29ad3defcb21515,LeBW,LeBW,2019-12-13T01:34:57Z
116011653,e172efb234ac234006b14f3abbb8a0544386722d,zhongyuanzhao000,zhongyuanzhao000,2019-12-12T13:50:20Z
116011653,18170b962a2bacbb9368eb3488173ecd87e2d1e3,zhongyuanzhao000,zhongyuanzhao000,2019-12-12T13:50:00Z
116011653,80187ab35280906058c96affc3e227d83652b79d,LeBW,LeBW,2019-12-12T13:25:31Z
116011653,836dabf6bee78751988c8ddb02cb3734da4a1c95,zhongyuanzhao000,zhongyuanzhao000,2019-12-12T13:20:18Z
116011653,e790feb951315d53f581f14546e166b9c63f5489,LeBW,LeBW,2019-12-12T12:28:51Z
116011653,020966ddd86fcdbec4c23ade8fd813993425f003,LeBW,LeBW,2019-12-10T14:41:38Z
116011653,2773069c22ab59dc75d8f1645eaa2afbb0a023ba,LeBW,LeBW,2019-12-10T14:29:33Z
116011653,879152152434f1ff284b91f9b7b9a8a0fca41cea,LeBW,LeBW,2019-12-10T14:26:30Z
116011653,bb2d750da81bfc77a37dbeabe104f6b1ba25d9a0,LeBW,LeBW,2019-12-10T07:35:43Z
116011653,9eb7915f83e8bb34a7112f9605421a807b2f4b6c,LeBW,LeBW,2019-12-10T07:34:19Z
116011653,6b4b7b7713ba2b342c89746f82f625c6ec51987e,zhongyuanzhao000,zhongyuanzhao000,2019-12-10T07:20:51Z
116011653,844c708129f2651b236c5bfceb0a0a487e0fbafa,zhongyuanzhao000,zhongyuanzhao000,2019-12-10T05:29:31Z
116011653,fceb12bd85b958b8cbd63090b0ded077d5b9ba0c,zhongyuanzhao000,zhongyuanzhao000,2019-12-10T05:21:39Z
116011653,50016630d488e480db3f982c7a43638322a1ade8,LeBW,LeBW,2019-12-10T03:00:43Z
116011653,8bd2a7a726f18ad49cb902557e01a8d3c07e5850,LeBW,LeBW,2019-12-09T14:33:12Z
116011653,726151bdaaa38d1f53670d2b0a517c4133b29b80,LeBW,LeBW,2019-12-09T12:44:44Z
116011653,2292315e701a5ad0488af242c4514409ed981d9f,LeBW,LeBW,2019-12-09T12:44:26Z
116011653,b7b2f76f2f475d018ce39405ada1d9ffe35c1b64,LeBW,LeBW,2019-12-09T12:28:44Z
116011653,5036f68987bdedc74040eec7b86ac1e462f7bb80,zhongyuanzhao000,zhongyuanzhao000,2019-12-05T12:52:01Z
116011653,00418f2776cabd34c13916ced373d38f72d28f3a,zhongyuanzhao000,zhongyuanzhao000,2019-12-04T07:03:11Z
116011653,0a825c0652375d0655e9932e878e051bb94a8d56,zhongyuanzhao000,zhongyuanzhao000,2019-12-04T06:15:39Z
116011653,1abafb12a301383ea2319d4858f884153da77aaf,zhongyuanzhao000,zhongyuanzhao000,2019-12-04T01:40:58Z
116011653,b5e122260e9245c9d37ae2c096e5ab423bc6b19e,zhongyuanzhao000,zhongyuanzhao000,2019-12-03T13:01:47Z
116011653,436b0f8269a2f6fd614df834a7087e58e99f564c,zhongyuanzhao000,zhongyuanzhao000,2019-12-03T12:39:53Z
116011653,57da3672c282964d1f4d7a5b405d584e50248a39,zhongyuanzhao000,zhongyuanzhao000,2019-12-02T11:16:20Z
116011653,58994cd876f576fc1db112cb9188d60e36a90f3d,zhongyuanzhao000,zhongyuanzhao000,2019-12-01T09:56:19Z
116011653,b70d20924507afd59b6465c8f1a2245159479c12,zhongyuanzhao000,zhongyuanzhao000,2019-12-01T08:45:20Z
116011653,9506bd962a504df4ca7a1e78dde9f12d7482bfde,zhongyuanzhao000,zhongyuanzhao000,2019-11-30T13:52:06Z
116011653,33d29438fd671ac8780c89ac8bbb5f156e86287d,zhongyuanzhao000,zhongyuanzhao000,2019-11-30T12:36:14Z
116011653,48e8f8e959820412d55cf2e9522d8173795ffde3,zhongyuanzhao000,zhongyuanzhao000,2019-11-30T11:56:12Z
116011653,2459960ed85801b349eee29d965de2f0a9228a47,zhongyuanzhao000,zhongyuanzhao000,2019-11-30T08:47:49Z
116011653,902f13a1ca32e432ae9924674ed99fc3c9188ab6,zhongyuanzhao000,zhongyuanzhao000,2019-11-29T13:15:37Z
116011653,ba219541f90cc6b1683f4585d7fd93d5487c61b3,zhongyuanzhao000,zhongyuanzhao000,2019-11-29T11:58:58Z
116011653,9d8e8d6643d6c55d4edbc00846b38e92d80e6f97,zhongyuanzhao000,zhongyuanzhao000,2019-11-29T08:21:53Z
116011653,ee68369e00776ab09e427b7c4fc40a53bc2dc3ce,zhongyuanzhao000,zhongyuanzhao000,2019-11-28T14:31:36Z
116011653,fd3e101ddf7371013de965b134809f0131c38ba9,zhongyuanzhao000,zhongyuanzhao000,2019-11-28T14:18:21Z
116011653,1b7689c795fda0e1df51328d5da90ec37cfef10b,zhongyuanzhao000,zhongyuanzhao000,2019-11-28T13:31:06Z
116011653,6afa2ff4c204e7fb95c44079408e96fb353711ae,zhongyuanzhao000,zhongyuanzhao000,2019-11-28T12:39:11Z
116011653,b4dd8f91cc27ea9eff9cb93671c4189b1582f293,zhongyuanzhao000,zhongyuanzhao000,2019-11-28T12:04:49Z
116011653,e7553b0e54978444faa8b0905623c1fb973a1078,zhongyuanzhao000,zhongyuanzhao000,2019-11-28T11:51:03Z
116011653,c1d14044f60590c4a221a8a09be4d51ddffc31f3,zhongyuanzhao000,zhongyuanzhao000,2019-11-28T11:10:43Z
116011653,7bac300e33f35b7db739745fad7890f2fc0995a3,zhongyuanzhao000,zhongyuanzhao000,2019-11-27T14:32:01Z
116011653,5df0da398f9c0150d48e663f6b5c4f4e2fc5ad41,zhongyuanzhao000,zhongyuanzhao000,2019-11-27T12:40:44Z
116011653,0e38fbc766f3d07aab83b370aa55ef2c82fa7400,zhongyuanzhao000,GitHub,2019-11-26T04:31:04Z
116011653,76d6837b20fbe988bb5b67f6f5bb26066c1ddf17,zhongyuanzhao000,zhongyuanzhao000,2019-11-19T10:21:21Z
116011653,2af9a97605dac68a4e7d6acb3f4268fad75f0443,zhongyuanzhao000,zhongyuanzhao000,2019-11-18T15:03:04Z
116011653,bfc8f693d49f28e5123d0265ad5bda8df5ec2415,zhongyuanzhao000,zhongyuanzhao000,2019-11-18T14:39:56Z
116011653,91e1d1ed11c1f199169654ee5891497083cec28e,zhongyuanzhao000,zhongyuanzhao000,2019-11-18T14:34:11Z
116011653,cdbc11387565914c764a258cf6dd0e8e3ccafe56,zhongyuanzhao000,zhongyuanzhao000,2019-11-18T14:17:35Z
116011653,665df165216cb9223802f268bf51b2028248b043,Bowen Li,GitHub,2019-11-15T02:30:42Z
116011653,97125f449d9f605535550a2d1f496a29b16c03ac,LeBW,LeBW,2019-11-15T01:49:44Z
116011653,aa808e1b5a5433388189aee253d13c5dda73c8b5,Humbertzhang,GitHub,2019-11-15T01:41:00Z
116011653,84b118c4dc83bfffa0d6a2da02ebfa7fde35b2d0,LeBW,LeBW,2019-11-14T11:47:09Z
116011653,435b13bf7d48b666759148df45e63a1ba4712e1f,LeBW,LeBW,2019-11-14T11:43:55Z
116011653,366269c16fd1aa1fd8b2d85f52a3c3d1c27c1ffe,LeBW,LeBW,2019-11-14T02:47:43Z
116011653,34b7dce8209a543afeaf597e7f1ab2651e5800ed,LeBW,LeBW,2019-11-14T02:47:20Z
116011653,b739b505c3bbd7c00cd24c8d39407e85e58d04f2,Bowen Li,GitHub,2019-11-14T01:37:18Z
116011653,988bdc99bfa4f233953eb526341ffedc9923228c,LeBW,LeBW,2019-11-14T01:35:10Z
116011653,7daeadb00fa15c39f17be1f616c99424722d8c8e,LeBW,LeBW,2019-11-14T01:28:36Z
116011653,195734b82297061e944a0f2e02ca364b21f2af45,LeBW,LeBW,2019-11-14T01:28:01Z
116011653,2fad147692cd8cfe512cf790776bc0b542686f49,Bowen Li,GitHub,2019-11-13T13:28:15Z
116011653,90e7b039d87c5b55865f61b52b9ae1fa0a60f5e3,LeBW,LeBW,2019-11-13T13:18:57Z
116011653,be620200e22136adecfcad1ee28f9f395628a4cc,LeBW,LeBW,2019-11-13T13:18:10Z
116011653,71f7b6ec92f75a272edbdbc1d72e34d46e60a1d3,LeBW,LeBW,2019-11-13T13:14:42Z
116011653,d6d781c5fe1f6d2371069ada69f10f80f4712eb1,zhongyuanzhao000,GitHub,2019-11-13T12:26:35Z
116011653,18279cfeb4ae3fd825d5dc6004a6945b4f17eba9,Humbertzhang,GitHub,2019-11-13T11:48:58Z
116011653,de04f3220478a60fc04edce7dfcc4fa753ed3438,liuZOZO,liuZOZO,2019-11-02T13:47:43Z
116011653,b68888d3ecedbb8b43ed8a63b371f4818ae2d25e,liuZOZO,liuZOZO,2019-11-02T13:46:11Z
116011653,c3e24f08fc4240f33727bbf6b5cf522531a75065,liuZOZO,liuZOZO,2019-11-02T13:45:57Z
116011653,5087a5dc71886c5fda9d0ffd69b07c856f7c9674,zhongyuanzhao000,GitHub,2019-10-22T07:42:32Z
116011653,01025542c6d12284910a3d2ed7ea6333814d4a85,zhongyuanzhao000,zhongyuanzhao000,2019-10-22T07:38:02Z
116011653,46fe54f0e926b523da4bdfbb1c368412cef02f5f,liuZOZO,liuZOZO,2019-10-20T01:22:01Z
116011653,9ece180fdea3fc65066b0dd37c6eddeb7bb44a17,LeBW,LeBW,2019-10-12T02:01:48Z
116011653,24821dd90fa89ca1c67dcb8ddfd9d2a6032d3b72,liuZOZO,GitHub,2019-10-10T01:10:38Z
116011653,dd7d9b7c66951ff399cc04b737e9010925c0f4ad,liuZOZO,GitHub,2019-10-09T04:02:28Z
116011653,3bc166b1aed2ab179c28e1410012b87a7fddd871,LeBW,LeBW,2019-08-02T07:59:56Z
116011653,3ace372c5d152275b66159d360fd25e399892569,LeBW,LeBW,2019-08-02T07:35:42Z
116011653,9bbc543797e9ec76038d037682db9ae26b39ac3e,LeBW,LeBW,2019-08-02T06:44:36Z
116011653,7ab3c4bbd07efb9b8e41b63da2df2955435f7dbb,LeBW,LeBW,2019-08-02T06:40:00Z
116011653,2c1ea4cacd79cfe45df97b81bb06fe9fd4f64a01,LeBW,LeBW,2019-08-02T06:13:43Z
116011653,f561d8b393a8f2f8f10984100a052ae6d5b678dd,LeBW,LeBW,2019-08-02T02:37:38Z
116011653,2e476e83ed717c68926897b0d74c87adba38eca8,LeBW,LeBW,2019-08-02T02:27:23Z
116011653,7bcfcf9f41e88e69ec712b0465efe4ef83a3b293,Bowen Li,GitHub,2019-07-18T02:16:26Z
116011653,2a88e46e58ccd1216a2c2b9ba3360009fd968cc7,zhongyuanzhao000,GitHub,2019-07-17T11:21:25Z
116011653,566616aa2a3328a554bac11465702900e7fc6021,LeBW,LeBW,2019-07-17T08:36:24Z
116011653,90d3b185fc76e849c5cd556b34a08079c27aba94,zhongyuanzhao000,zhongyuanzhao000,2019-07-11T06:29:33Z
116011653,ff6fe75a055d93742b128f1bbbb191b4c6fb715f,liuZOZO,liuZOZO,2019-07-02T14:47:04Z
116011653,8dde269c98aabda8c078ab55d487ff6db3aca2da,liuZOZO,liuZOZO,2019-07-02T14:43:45Z
116011653,1d1573f365fad37a541cd0966c807ce8272b7504,liuZOZO,liuZOZO,2019-07-02T14:43:06Z
116011653,73956989cff3e3cc6fff32f46f2b551b4915b414,liuZOZO,GitHub,2019-06-26T15:18:43Z
116011653,c578820cbe0cd76ade3cf390ff73266381350e17,liuZOZO,GitHub,2019-06-26T15:17:59Z
116011653,9f4a3689fd1bb7dabe670c26954dbe293cb99a10,liuZOZO,GitHub,2019-06-04T13:55:16Z
116011653,b6f4cb0d01e7d226cf2817f73ab927b435e3b544,liuZOZO,liuZOZO,2019-05-31T03:34:54Z
116011653,df4413f5bc5d8b1e4abcb74db39b8a8aa85abf69,liuZOZO,GitHub,2019-05-31T03:29:24Z
116011653,228066f538152702f91afba99c5d14850d6faf17,liuZOZO,liuZOZO,2019-05-31T03:03:40Z
116011653,131f04340add86dafd8f13220b357b7fb756f2b6,liuZOZO,liuZOZO,2019-05-30T12:57:11Z
116011653,b22197c4bad090db3186e09a477f893b779eff98,liuZOZO,liuZOZO,2019-05-30T12:44:47Z
116011653,c7b7728c398c5364349ab56f96dfad0983360a3f,liuZOZO,liuZOZO,2019-05-29T10:08:31Z
116011653,11ac13e69a858b8c1b52303c90fbba0d2577c795,liuZOZO,liuZOZO,2019-05-29T04:36:53Z
116011653,bf5555ed31e8a0adcc8b0db4f3dba4b4cd3aff11,liuZOZO,liuZOZO,2019-05-29T04:36:21Z
116011653,04ce84274d597b352d7d3bc62c13fa779fbc8680,Ji Chao,GitHub,2019-05-26T02:57:56Z
116011653,1c932a7f80fee81fe74e683e3f36cae0b25e5d68,liuZOZO,liuZOZO,2019-05-25T16:12:30Z
116011653,6b2589bdbf8b7965644446161c79a462731096e9,liuZOZO,liuZOZO,2019-05-23T14:48:55Z
116011653,2db4fc55b7c7bfc75688e3ea4ccf8f959519828b,liuZOZO,liuZOZO,2019-05-23T04:58:45Z
116011653,ef7c07a3b66a5aa159f20851fc8ace9c74f5ca99,liuZOZO,liuZOZO,2019-05-23T04:54:53Z
116011653,5c3949c165eb3b0e66acf61529ac77d23da129d5,liuZOZO,liuZOZO,2019-05-22T10:59:37Z
116011653,49da61a3b92962759dde9dcad7dd44231592c982,liuZOZO,liuZOZO,2019-05-20T08:09:55Z
116011653,1c4df3dd428a2853994f39eaeba2d3cb475c76b8,liuZOZO,liuZOZO,2019-05-20T07:31:34Z
116011653,1e9f0cb054e6bc17da1787c70bfff743d9e178d1,liuZOZO,liuZOZO,2019-05-20T07:30:01Z
116011653,0206c6b4909ebff43e50eaebd81f4a6ca6d12868,liuZOZO,liuZOZO,2019-05-20T07:02:53Z
116011653,8de573d8614293dfac454b480f8551f8bdff74f2,liuZOZO,liuZOZO,2019-05-20T06:54:33Z
116011653,a0209eff2070d8fed15bca3ec66fa24214f6f376,liuZOZO,GitHub,2019-05-20T06:41:48Z
116011653,045dc8579d1b2e689f175d3cbe8877ad91f1be2c,liuZOZO,liuZOZO,2019-05-20T06:13:59Z
116011653,ab63e8198c42f31147c3fb572875ca89ba46db72,liuZOZO,GitHub,2019-05-20T04:47:01Z
116011653,e429cc5dd51653ac56a5dd0aed9a5f27dec3692d,liuZOZO,GitHub,2019-05-20T04:41:27Z
116011653,abaa4bfc20621f61f6bbf9e04f9f222e887387a2,liuZOZO,GitHub,2019-05-20T04:38:56Z
116011653,0be53eee9eb5ad623b9d251812c803e30b5ca3a4,liuZOZO,liuZOZO,2019-05-15T04:28:51Z
116011653,5ba33c12f1b0f5d309156b7fb99e741500233251,liuZOZO,liuZOZO,2019-05-11T07:42:18Z
116011653,b9ad637beb730a21c37cc427397dcd06fdf04e00,liuZOZO,liuZOZO,2019-05-08T07:05:26Z
116011653,2ef30fcf3eeeff71e16c239863d70c1eba432383,liuZOZO,liuZOZO,2019-04-28T14:04:38Z
116011653,1b74b12f5cab26118d47ece3e6766ffcf96fbec9,liuZOZO,liuZOZO,2019-04-27T02:39:14Z
116011653,eba1b4d67c514bbe1139c8209974f47246fc2fbc,liuZOZO,liuZOZO,2019-04-22T14:21:46Z
116011653,b326d9a310bcc418e370b85c841b7bea917e4743,liuZOZO,liuZOZO,2019-04-22T12:37:21Z
116011653,a6c5f71fe8c9950a33f48ac97af350acffea09ab,liuZOZO,liuZOZO,2019-04-22T12:10:23Z
116011653,45d84b44661f0a7ec3347d55c186f9051c4fadf2,liuZOZO,liuZOZO,2019-04-19T13:53:53Z
116011653,f1fcc60b5aa012a51f109c6f3d5e45008c20ecef,liuZOZO,liuZOZO,2019-04-17T09:43:39Z
116011653,d365e151977870f65e7b27bcd002b46289bd390c,liuZOZO,liuZOZO,2019-04-17T04:23:04Z
116011653,fd3b9b4496c43ff05ff20fc3ee12e39a073eb831,liuZOZO,liuZOZO,2019-04-16T08:35:26Z
116011653,c890dd8c0da7c33db72ea574fb2412e0af6ec3db,liuZOZO,liuZOZO,2019-04-12T01:41:12Z
116011653,4df9a5e2a856079db504bc44ac1db084ddd5c422,liuZOZO,liuZOZO,2019-04-09T14:53:25Z
116011653,2724690d54bfdb332bb9ef86ae1224af197eb2be,liuZOZO,liuZOZO,2019-04-09T11:43:04Z
116011653,581b3a00a9bb2240e46cf432d5a4cf39885fb3e9,liuZOZO,liuZOZO,2019-04-08T10:03:07Z
116011653,8b6293deb05cd6c0cff93fb6beff5faf878e4507,liuZOZO,liuZOZO,2019-03-05T08:52:07Z
116011653,f868d8f411db57b33be905c686d55c25820ea298,kylinxiang,kylinxiang,2019-03-05T08:28:40Z
116011653,0270d3ed338dde4b88aaaa698d7e5ba12c9a3caa,Jinjin Lin,GitHub,2019-02-22T03:12:56Z
116011653,a6fb29ea324e87bead0471096dac9cd7cbb91a41,microcosmx,microcosmx,2019-01-02T02:54:18Z
116011653,58eb9a9e87f224c551d5b72cb06176c9419e7f67,microcosmx,microcosmx,2018-12-29T11:28:21Z
116011653,b00a2b54f55cb999a09143f6c2e11353a9b3cc8f,microcosmx,microcosmx,2018-12-29T11:27:14Z
116011653,b08b88410619cd018b2884aa763b0762b94c5545,kylin xiang,kylin xiang,2018-12-27T07:13:17Z
116011653,8ce3f93f56b0c80b2b3253c27757f01a3b2840fc,jichaofdu,jichaofdu,2018-12-25T01:55:14Z
116011653,3addb10427974a17b10bbbbef721328bd2a90403,jichaofdu,jichaofdu,2018-12-24T07:55:32Z
116011653,ef6cc9a15f1fb7c87bf1e428011946d80b14abdb,jichaofdu,jichaofdu,2018-12-24T07:51:16Z
116011653,881ed977bd0c63e1e84b5b46e8bb1b0fb00ccd93,jichaofdu,jichaofdu,2018-12-24T07:50:58Z
116011653,56ecb887353075ff557638843e234a8411b5fb8c,hechuan73,hechuan73,2018-12-21T01:54:07Z
116011653,0879857d089cc44ea2b6ea330bd0070ec71a437a,hechuan73,hechuan73,2018-12-21T01:19:14Z
116011653,544fc0bfc5b221dde03eafe4ea3b881c8d750354,hechuan73,hechuan73,2018-12-20T06:12:02Z
116011653,44a0b67ba8bcdfef6251030367a7502886d9fbb3,hechuan73,hechuan73,2018-12-19T08:51:26Z
116011653,361700b77c9f9b9688a50a6839ff681dd7e83e74,hechuan73,hechuan73,2018-12-19T08:50:07Z
116011653,d15ef6455d343f9820a0a3cff94e81be63b5ac8a,kylin xiang,kylin xiang,2018-12-19T07:34:16Z
116011653,66be645b5b87de5aece44b1a283930b5a9b5952a,hechuan73,hechuan73,2018-12-18T15:40:44Z
116011653,ed3a24cf809b335c461c075d98b48440762bd4a7,hechuan73,hechuan73,2018-12-18T14:51:43Z
116011653,0555e06cabf9ccdd31ac16a7148a9fe44a933ba7,kylin xiang,kylin xiang,2018-12-14T13:17:59Z
116011653,b5f204d1624dfdb25da20ec5b6c9cf80ecc2a8e8,kylin xiang,kylin xiang,2018-12-13T11:04:58Z
116011653,a3aa5eb97d305cbdf25f7a8ad83d3229a288d80d,kylinxiang,kylinxiang,2018-11-28T05:44:20Z
116011653,42f30609b18066a28f9d210581d311aefe85d9b1,liuZOZO,liuZOZO,2018-11-22T02:35:51Z
116011653,71b469715e001657bede720323c6e4a47022d869,Ji Chao,Ji Chao,2018-11-10T03:27:59Z
116011653,561b2a6a6f41dd5c445c07327b1a2eebb42a2bd3,Ji Chao,Ji Chao,2018-11-10T03:24:25Z
116011653,a20d161297708829f2f91fe6fb7698406be338b9,Ji Chao,Ji Chao,2018-10-30T08:25:59Z
116011653,bee9d17061fc415d5f606f9c18c179d483b07edb,kylin xiang,kylin xiang,2018-10-25T11:26:14Z
116011653,98120cbbcf021565355a4e8ce186e620c81b701a,Ji Chao,Ji Chao,2018-10-13T10:07:26Z
116011653,b075e850a0f1420fe1b71e9997acae9d93793058,Ji Chao,Ji Chao,2018-10-13T10:07:20Z
116011653,4eea1912719087042eb3f8cf581e16ccf85cc304,kylin xiang,kylin xiang,2018-10-12T02:43:36Z
116011653,a373af779436d60372e94e676acc00bb0320a1d3,kylin xiang,kylin xiang,2018-10-12T02:26:44Z
116011653,5c24c3f775521cb1233ab467ed1024438abbdb4f,kylin xiang,kylin xiang,2018-10-11T12:28:06Z
116011653,13139b023234b5fb44afe94c3c4280e7b4268b47,liuZOZO,liuZOZO,2018-09-28T12:49:19Z
116011653,9d0077f33ec1d7a3926468b7c75cff6c17b15aa9,liuZOZO,liuZOZO,2018-09-28T10:58:41Z
116011653,315caa40e35142278792184a502bf239a440e055,liuZOZO,liuZOZO,2018-09-28T10:52:39Z
116011653,24a4a862f994113352a9fbe05316e6da98853c67,liuZOZO,liuZOZO,2018-09-28T10:18:20Z
116011653,ad758c63ebcfa2c088de6fff20f03e4d67812b2d,liuZOZO,liuZOZO,2018-09-28T10:16:37Z
116011653,2b141d92db9d7472ec2ccb0d92c84148811468b8,liuZOZO,liuZOZO,2018-09-28T09:53:25Z
116011653,b723969b60cb8fa91e492fac2df2896a01fff835,liuZOZO,liuZOZO,2018-09-28T09:51:37Z
116011653,d774a6a19fe43ad65ebff98fc969fcc063b76e84,liuZOZO,liuZOZO,2018-09-28T09:48:45Z
116011653,3066995c4b8fee02d78b72fe38330d3f9619e7c4,liuZOZO,liuZOZO,2018-09-28T09:39:25Z
116011653,f79ab0dba750a0fbd3a70839649be0bfd295baad,liuZOZO,liuZOZO,2018-09-28T08:53:03Z
116011653,428733a5fdad6ca809d2e3936991f5a8e1b179dc,liuZOZO,liuZOZO,2018-09-28T08:51:52Z
116011653,a6b52394954dfbf56853f5e059a08624303b699b,liuZOZO,liuZOZO,2018-09-28T08:49:15Z
116011653,94de7d77b89389224b520410d998625a60929b3c,liuZOZO,liuZOZO,2018-09-28T08:45:32Z
116011653,9e11bb4be0c917f9ee72d1582506872e3595f4a0,liuZOZO,liuZOZO,2018-09-28T08:42:14Z
116011653,fe9edf4456bbabc34d645f4a72e3393f8f573552,liuZOZO,liuZOZO,2018-09-28T08:27:54Z
116011653,90d89c52db8f39f00db8956a18b5f15a5aa46f7e,liuZOZO,liuZOZO,2018-09-28T08:24:09Z
116011653,de7866f254cdf6c3148d925c65c052df2ff4e051,liuZOZO,GitHub,2018-09-28T07:39:39Z
116011653,12b3e20c68d9262bfbd6c2d38865010efc381120,liuZOZO,liuZOZO,2018-09-28T07:32:57Z
116011653,602af9a9bc63bb020b9a3e0c706028d0a3f92292,liuZOZO,liuZOZO,2018-09-28T07:29:37Z
116011653,944ffaa8c1a865b02da6b6237b6ef7140be31ab3,liuZOZO,liuZOZO,2018-09-28T07:26:37Z
116011653,36f46ca019c292c4f69e8d96980e6056df6bccf5,Ji Chao,Ji Chao,2018-09-27T08:27:09Z
116011653,8296935b2cdb2fca5a4d2be6fc1f4decc3ad6a3b,Ji Chao,Ji Chao,2018-09-27T08:20:17Z
116011653,fcce04fd2d62f9095bffa3a717877974779eac89,Ji Chao,Ji Chao,2018-09-27T08:17:04Z
116011653,6125e240dbfb1f734ae56be8ef06d272b717a254,Ji Chao,Ji Chao,2018-09-27T08:12:08Z
116011653,f8bedebba52ec46b1010a90fbb3614ad9920b027,Ji Chao,Ji Chao,2018-09-21T00:55:52Z
116011653,a2c4c41985327b55fab8b95e20ea9862e312890f,Ji Chao,Ji Chao,2018-09-20T02:20:00Z
116011653,6dc222d17036afb2b786d879508821762f933306,microcosmx,microcosmx,2018-09-18T06:47:12Z
116011653,95602c697d10c6141b4b2eb6b1ed96962d24d7ac,lab401\lwh,lab401\lwh,2018-09-18T06:18:12Z
116011653,2a6aab5a844a0823b808e4a1fb2e3bf4b54d74af,microcosmx,microcosmx,2018-07-27T04:12:03Z
116011653,535519348368d95056f380a7ca88ee2a49a8210e,microcosmx,microcosmx,2018-07-27T04:11:52Z
116011653,6a44c03f63a8f110ff1e932a257e19e363625c0a,liuZOZO,liuZOZO,2018-07-23T12:52:52Z
116011653,d440b347793d7da2f1bc2e4c998b77b58c0f9d52,liuZOZO,liuZOZO,2018-07-23T12:52:12Z
116011653,e57f942e851a0839bcd7e01b815d97e4e4de4939,liuZOZO,liuZOZO,2018-07-23T10:37:38Z
116011653,921518c8eb20fe1b997db69c588137c22ba1bf1a,Ji Chao,Ji Chao,2018-07-23T08:19:53Z
116011653,0457a910902d3666a81c6199ccc09580bfbc5988,liuZOZO,liuZOZO,2018-07-23T02:46:21Z
116011653,8be0c59ff581ee7a3a3173ac49a04f1765fbc843,liuZOZO,liuZOZO,2018-07-23T02:44:27Z
116011653,6a50a2629f1f079eda076ff4afc5631a4f6ff926,hechuan73,GitHub,2018-07-12T07:34:24Z
116011653,30ba6c435cb2fb605586e61c20fb6c9fafc728cb,hechuan73,hechuan73,2018-07-12T07:31:11Z
116011653,1e6bb526c4059349ee3510aad7c479ed28525a15,Ji Chao,Ji Chao,2018-07-10T01:38:30Z
116011653,4a19dcc46aa2a6fd0b6af8001d4b06b49294b1eb,Ji Chao,Ji Chao,2018-07-10T01:24:40Z
116011653,dba5403e2e83b2586d1621e4bbfe519f981c3329,Ji Chao,Ji Chao,2018-07-09T15:39:38Z
116011653,f0797e51b5f1bce1aaae14cefeeede9112c59074,Ji Chao,Ji Chao,2018-07-09T15:27:42Z
116011653,cf0fb4197b6d223f074446ec6c6a3c9962f06195,Ji Chao,Ji Chao,2018-07-03T12:07:05Z
116011653,01244650cccbf65bfe6dcbf20644b72708a3565b,Ji Chao,Ji Chao,2018-07-03T10:55:35Z
116011653,c09adcdc1145332d8e2c8812a1564480130cb56c,Ji Chao,Ji Chao,2018-06-20T01:46:25Z
116011653,db8b855d1764aac6f3791850b711f48381067142,Ji Chao,Ji Chao,2018-06-20T01:39:15Z
116011653,a137637e95f764efb9006df08707b2c119003bd3,microcosmx,microcosmx,2018-05-24T07:37:26Z
116011653,10fdc0f926ab950bb5d38151ac71c107c860a291,microcosmx,microcosmx,2018-05-24T06:27:16Z
116011653,253d5d35ccf6f3f6d1ebb8f66aca437127bdd0cf,microcosmx,microcosmx,2018-05-24T06:26:53Z
116011653,c93465e7f082482d56719021b408eb41481f4194,microcosmx,microcosmx,2018-05-14T11:35:41Z
116011653,d48c1bdab67c77cf2644193d4ee4475d14cf8801,microcosmx,microcosmx,2018-05-14T06:53:33Z
116011653,c8f24a25624b5b568cc2b656a62170c546cf6425,microcosmx,microcosmx,2018-05-13T00:08:37Z
116011653,0ce13411c53cb4824477bee86c49e7027b74ccaa,microcosmx,microcosmx,2018-05-12T00:22:26Z
116011653,50e43ea7bc15c7e09893b313311a63e05d39f667,microcosmx,microcosmx,2018-05-12T00:22:19Z
116011653,d47318c5b1b7dee8a7e4093bcb46925404875767,Ji Chao,Ji Chao,2018-05-10T05:45:20Z
116011653,52503408126179b76dc397f98685d03e06142ed1,microcosmx,microcosmx,2018-04-27T07:40:14Z
116011653,b1993a42e9b5e86ad92d81d06f07d9aa7dbd31ae,microcosmx,microcosmx,2018-04-27T07:37:53Z
116011653,19118cee5877345a1ff2a547c4ac2d8b2c8e3636,microcosmx,microcosmx,2018-04-27T07:37:48Z
116011653,992457f64fe620f3fe25f19767408b642c758815,Blanchedidngding,Blanchedidngding,2018-03-22T12:42:18Z
116011653,8ac9e34ffa398c71736993e7adc3b71dbdd8ae10,microcosmx,microcosmx,2018-03-10T05:24:50Z
116011653,0b74e0c3f43cbb267105f84204525ca9d9727a2e,microcosmx,microcosmx,2018-03-10T05:24:39Z
116011653,79d15877f3450840cdf25ebfe9518a4c8a74c7d5,microcosmx,microcosmx,2018-03-01T09:21:31Z
116011653,6d33acd1adc4e4e3d9704b93b557c0c41e6f3209,hechuan73,hechuan73,2018-01-15T15:02:40Z
116011653,fa8acc16428cc4aee24e2c1eb8dbea4c747d0c0c,hechuan73,hechuan73,2018-01-15T14:59:56Z
116011653,77b2863ae39a5f9e2eedf5bd5f58beb97a6e09d0,hechuan73,hechuan73,2018-01-15T14:53:45Z
116011653,357cac6d5b343270ca34d4bc6fcb9f2952234ee8,hechuan73,hechuan73,2018-01-11T12:32:03Z
116011653,137094f2f64062a8e8a974fac24842d457ca1cb5,hechuan73,hechuan73,2018-01-11T12:31:02Z
116011653,83336a407682e95ecf6e892163afca0687f44329,hechuan73,GitHub,2018-01-11T09:43:07Z
116011653,ec0f66de83c9813e99675e78cc65143278dce488,lab401\lwh,lab401\lwh,2018-01-06T08:59:19Z
116011653,199d975f0fc8342d728f771a35a5643f63bcc866,lab401\lwh,lab401\lwh,2018-01-05T07:42:41Z
116011653,6292aec5e0b73dde8d6bd4d11d5faec4dcb6b6e0,lab401\lwh,lab401\lwh,2018-01-04T08:02:46Z
116011653,a31b5567ac6c587a5cadbcc73dc12582932889d6,lab401\lwh,lab401\lwh,2018-01-04T07:59:20Z
116011653,3ea128078eb0ec45f110a77ed151933339d0f626,lab401\lwh,lab401\lwh,2018-01-03T12:26:47Z
116011653,57b392013e08dfc6b04a469061187dbd819c8462,Blanchedidngding,Blanchedidngding,2018-01-03T01:46:32Z
116011653,6c1b2c3d4553d8bd535f9271907ec355c47853ea,Blanchedidngding,Blanchedidngding,2018-01-03T01:28:39Z
